#,C:6,K:185
28.54,22.91,Duplicate
30.72,17.26,Duplicate
31.08,17.05,Duplicate
26.27,24.05,Duplicate
28.24,21.75,Duplicate
27.31,23.46,Duplicate
29.5,24.5,Duplicate
31.87,14.11,Duplicate
28.38,22.17,Duplicate
26.56,28.2,Duplicate
30.89,30.76,Duplicate
31.76,21.56,Duplicate
30.44,18.62,Duplicate
28.89,27.94,Duplicate
29.88,31.75,Duplicate
27.38,25.73,Duplicate
8.32,28.14,Duplicate
7.48,32.34,Duplicate
6.95,31.63,Duplicate
7.24,28.33,Duplicate
27.28,25.55,Duplicate
25.97,24.08,Duplicate
29.31,19.74,Duplicate
26.59,26.82,Duplicate
28.52,28.76,Duplicate
26.39,26.72,Duplicate
28.47,35.42,Duplicate
27.07,31.84,Duplicate
27.12,32.12,Duplicate
26.65,27.22,Duplicate
28.74,23.4,Duplicate
34.88,31.2,Duplicate
27.18,24.0,Duplicate
26.49,27.29,Duplicate
31.57,17.18,Duplicate
27.94,32.98,Duplicate
30.26,38.17,Duplicate
26.65,27.22,Duplicate
33.19,25.0,Duplicate
28.49,24.49,Duplicate
34.3,41.47,Duplicate
30.95,36.64,Duplicate
29.56,23.85,Duplicate
30.36,18.57,Duplicate
30.7,18.36,Duplicate
33.52,18.14,Duplicate
30.72,19.53,Duplicate
30.33,25.31,Duplicate
32.23,17.61,Duplicate
30.4,28.31,Duplicate
32.96,19.79,Duplicate
31.32,16.48,Duplicate
31.33,16.83,Duplicate
30.04,21.99,Duplicate
26.93,23.06,Duplicate
28.09,22.31,Duplicate
31.17,18.71,Duplicate
32.09,17.4,Duplicate
32.67,18.17,Duplicate
30.17,20.88,Duplicate
33.58,14.04,Duplicate
27.0,26.82,Duplicate
27.15,32.64,Duplicate
27.52,33.28,Duplicate
27.02,24.01,Duplicate
26.6,27.3,Duplicate
27.79,24.66,Duplicate
33.09,22.12,Duplicate
28.5,21.82,Duplicate
29.79,19.46,Duplicate
25.95,24.27,Duplicate
25.99,25.66,Duplicate
29.16,21.32,Duplicate
30.57,17.2,Duplicate
27.12,25.94,Duplicate
30.17,18.93,Duplicate
26.45,25.07,Duplicate
29.02,29.17,Duplicate
29.86,28.14,Duplicate
32.44,21.74,Duplicate
29.7,22.41,Duplicate
30.08,25.96,Duplicate
27.33,25.67,Duplicate
27.43,25.74,Duplicate
31.93,22.93,Duplicate
27.59,23.38,Duplicate
32.33,16.63,Duplicate
26.98,24.02,Duplicate
26.86,26.24,Duplicate
26.33,27.72,Duplicate
31.16,33.45,Duplicate
31.38,28.07,Duplicate
27.75,27.2,Duplicate
28.42,21.64,Duplicate
29.37,22.3,Duplicate
28.8,27.61,Duplicate
28.98,37.46,Duplicate
29.35,30.83,Duplicate
27.87,32.94,Duplicate
27.42,32.37,Duplicate
26.48,27.29,Duplicate
27.54,25.04,Duplicate
27.78,33.7,Duplicate
30.01,22.75,Duplicate
32.82,15.72,Duplicate
30.7,17.85,Duplicate
27.71,25.37,Duplicate
27.1,24.37,Duplicate
29.11,29.12,Duplicate
29.04,26.77,Duplicate
28.66,25.82,Duplicate
27.09,25.62,Duplicate
32.22,35.59,Duplicate
26.18,24.41,Duplicate
34.15,24.34,Duplicate
57.13,43.9,Duplicate
61.01,33.49,Duplicate
53.05,26.67,Duplicate
53.08,24.26,Duplicate
31.91,20.02,Duplicate
35.32,18.37,Duplicate
35.94,19.09,Duplicate
43.23,15.57,Duplicate
31.09,16.3,Duplicate
30.97,18.26,Duplicate
29.89,25.69,Duplicate
31.3,23.45,Duplicate
31.74,21.07,Duplicate
38.92,13.32,Duplicate
44.17,16.29,Duplicate
47.84,9.82,Duplicate
38.42,14.79,Duplicate
35.49,9.58,Duplicate
35.14,11.7,Duplicate
32.82,8.86,Duplicate
37.31,10.19,Duplicate
34.4,8.82,Duplicate
46.64,11.04,Duplicate
49.48,12.26,Duplicate
42.42,13.65,Duplicate
45.56,14.16,Duplicate
46.54,15.97,Duplicate
48.29,20.6,Duplicate
57.52,13.14,Duplicate
60.43,23.41,Duplicate
61.51,25.68,Duplicate
54.27,16.48,Duplicate
70.69,23.74,Duplicate
54.54,21.57,Duplicate
51.81,18.56,Duplicate
46.61,13.71,Duplicate
53.28,15.28,Duplicate
32.14,15.75,Duplicate
46.45,15.36,Duplicate
50.39,16.95,Duplicate
54.73,21.83,Duplicate
53.87,16.74,Duplicate
62.1,18.08,Duplicate
58.57,19.16,Duplicate
60.68,18.22,Duplicate
51.74,18.3,Duplicate
58.65,23.09,Duplicate
53.17,13.4,Duplicate
56.6,20.37,Duplicate
63.52,17.93,Duplicate
73.22,18.8,Duplicate
69.06,23.14,Duplicate
95.32,21.58,Duplicate
64.89,16.67,Duplicate
65.98,13.08,Duplicate
44.35,15.4,Duplicate
47.1,17.52,Duplicate
47.95,25.07,Duplicate
45.22,22.53,Duplicate
47.78,22.04,Duplicate
46.31,23.63,Duplicate
55.25,27.09,Duplicate
45.51,22.94,Duplicate
57.2,23.25,Duplicate
67.58,18.99,Duplicate
66.61,26.4,Duplicate
62.48,19.82,Duplicate
58.16,21.58,Duplicate
52.41,16.1,Duplicate
48.57,21.59,Duplicate
51.44,25.61,Duplicate
0.0,0.0,Full-Delete
0.0,0.0,Full-Delete
0.0,0.0,Full-Delete
0.0,0.0,Full-Delete
0.31,0.0,Full-Delete
0.01,0.0,Full-Delete
0.0,0.0,Full-Delete
0.0,0.0,Full-Delete
0.25,0.23,Full-Delete
0.11,0.0,Full-Delete
0.0,0.0,Full-Delete
0.0,0.0,Full-Delete
0.0,0.0,Full-Delete
0.32,0.0,Full-Delete
0.0,0.0,Full-Delete
0.0,0.0,Full-Delete
0.0,0.0,Full-Delete
0.42,0.0,Full-Delete
0.09,0.0,Full-Delete
0.0,0.0,Full-Delete
0.0,0.0,Full-Delete
0.53,0.06,Full-Delete
0.18,0.38,Full-Delete
0.0,0.0,Full-Delete
0.41,0.29,Full-Delete
0.0,0.0,Full-Delete
0.03,0.3,Full-Delete
0.0,0.0,Full-Delete
0.0,0.0,Full-Delete
0.0,0.0,Full-Delete
0.0,0.62,Full-Delete
0.29,0.75,Full-Delete
0.25,0.73,Full-Delete
0.0,0.0,Full-Delete
0.02,0.35,Full-Delete
0.42,0.0,Full-Delete
0.0,0.0,Full-Delete
0.0,0.0,Full-Delete
0.42,0.0,Full-Delete
0.34,0.14,Full-Delete
0.29,0.5,Full-Delete
0.0,0.07,Full-Delete
0.48,0.0,Full-Delete
0.07,0.04,Full-Delete
0.07,0.71,Full-Delete
0.53,0.1,Full-Delete
0.4,0.56,Full-Delete
0.56,0.1,Full-Delete
0.0,0.0,Full-Delete
0.0,0.56,Full-Delete
0.0,0.15,Full-Delete
0.0,0.0,Full-Delete
0.0,0.0,Full-Delete
0.0,0.0,Full-Delete
0.0,0.0,Full-Delete
0.0,0.0,Full-Delete
0.0,0.32,Full-Delete
0.0,0.0,Full-Delete
0.0,0.0,Full-Delete
0.0,0.0,Full-Delete
0.0,0.0,Full-Delete
0.45,0.72,Full-Delete
0.15,0.44,Full-Delete
0.0,0.0,Full-Delete
0.0,0.0,Full-Delete
0.0,0.36,Full-Delete
0.0,0.4,Full-Delete
0.0,0.0,Full-Delete
0.46,0.0,Full-Delete
0.28,0.0,Full-Delete
0.19,0.65,Full-Delete
0.2,0.77,Full-Delete
0.53,0.0,Full-Delete
0.41,0.25,Full-Delete
0.0,0.0,Full-Delete
0.0,0.11,Full-Delete
0.0,0.0,Full-Delete
0.0,0.01,Full-Delete
0.41,0.06,Full-Delete
0.0,0.0,Full-Delete
0.0,0.0,Full-Delete
0.0,0.0,Full-Delete
0.0,0.0,Full-Delete
0.0,0.15,Full-Delete
0.0,0.26,Full-Delete
0.0,0.0,Full-Delete
0.0,0.0,Full-Delete
0.0,0.0,Full-Delete
0.0,0.0,Full-Delete
0.0,0.0,Full-Delete
0.0,0.0,Full-Delete
0.0,0.0,Full-Delete
0.0,0.0,Full-Delete
0.0,0.0,Full-Delete
0.0,0.0,Full-Delete
0.0,0.0,Full-Delete
0.0,0.0,Full-Delete
0.0,0.0,Full-Delete
0.0,0.0,Full-Delete
0.0,0.0,Full-Delete
0.0,0.0,Full-Delete
0.0,0.0,Full-Delete
0.0,0.0,Full-Delete
0.09,0.05,Full-Delete
0.62,0.0,Full-Delete
0.29,0.0,Full-Delete
0.0,0.0,Full-Delete
0.18,0.0,Full-Delete
0.0,0.0,Full-Delete
0.33,0.0,Full-Delete
0.0,0.0,Full-Delete
0.0,0.0,Full-Delete
0.0,0.0,Full-Delete
0.0,0.0,Full-Delete
0.0,0.0,Full-Delete
0.0,0.0,Full-Delete
0.2,0.0,Full-Delete
0.27,0.0,Full-Delete
0.0,0.0,Full-Delete
0.0,0.0,Full-Delete
0.0,0.0,Full-Delete
0.0,0.0,Full-Delete
0.0,0.0,Full-Delete
0.0,0.0,Full-Delete
0.0,0.0,Full-Delete
0.0,0.0,Full-Delete
0.65,0.0,Full-Delete
0.5,0.37,Full-Delete
0.0,0.0,Full-Delete
0.0,0.62,Full-Delete
0.34,0.35,Full-Delete
0.57,0.0,Full-Delete
0.0,0.25,Full-Delete
0.0,0.27,Full-Delete
0.0,0.77,Full-Delete
0.0,0.0,Full-Delete
0.0,0.0,Full-Delete
0.0,0.67,Full-Delete
0.0,0.32,Full-Delete
0.0,0.0,Full-Delete
0.0,0.0,Full-Delete
0.0,0.35,Full-Delete
0.19,0.3,Full-Delete
0.31,0.36,Full-Delete
0.28,0.37,Full-Delete
0.0,0.0,Full-Delete
0.05,0.53,Full-Delete
0.28,0.0,Full-Delete
0.0,0.0,Full-Delete
0.0,0.0,Full-Delete
0.22,0.0,Full-Delete
0.0,0.0,Full-Delete
0.48,0.08,Full-Delete
0.0,0.0,Full-Delete
0.0,0.0,Full-Delete
0.43,0.31,Full-Delete
0.59,0.25,Full-Delete
0.0,0.64,Full-Delete
0.4,0.0,Full-Delete
0.0,0.0,Full-Delete
0.0,0.0,Full-Delete
0.0,0.0,Full-Delete
0.0,0.0,Full-Delete
0.0,0.0,Full-Delete
0.0,0.0,Full-Delete
0.0,0.0,Full-Delete
0.0,0.0,Full-Delete
0.0,0.0,Full-Delete
0.39,0.0,Full-Delete
0.56,0.51,Full-Delete
0.29,0.85,Full-Delete
0.0,0.14,Full-Delete
0.0,0.17,Full-Delete
0.0,0.0,Full-Delete
0.0,0.06,Full-Delete
0.52,0.14,Full-Delete
0.0,0.01,Full-Delete
0.1,0.0,Full-Delete
0.0,0.0,Full-Delete
0.0,0.0,Full-Delete
0.0,0.0,Full-Delete
0.0,0.0,Full-Delete
0.0,0.0,Full-Delete
0.0,0.0,Full-Delete
0.52,0.17,Full-Delete
0.0,0.0,Full-Delete
28.57,14.6,Normal-1
14.44,19.22,Normal-1
20.97,17.97,Normal-1
18.45,16.23,Normal-1
21.36,21.18,Normal-1
21.25,14.7,Normal-1
22.65,21.68,Normal-1
24.18,21.0,Normal-1
24.9,18.41,Normal-1
22.23,19.48,Normal-1
17.47,17.62,Normal-1
22.84,17.85,Normal-1
22.39,14.73,Normal-1
18.73,18.7,Normal-1
16.26,8.36,Normal-1
23.7,13.05,Normal-1
18.58,19.63,Normal-1
15.43,11.08,Normal-1
18.04,17.66,Normal-1
22.74,13.14,Normal-1
20.09,20.91,Normal-1
21.36,18.19,Normal-1
25.44,19.67,Normal-1
21.47,19.34,Normal-1
23.63,16.4,Normal-1
18.83,13.77,Normal-1
20.76,11.86,Normal-1
15.95,20.74,Normal-1
18.89,23.08,Normal-1
24.43,20.58,Normal-1
21.61,23.37,Normal-1
19.06,14.61,Normal-1
28.22,14.97,Normal-1
23.4,15.35,Normal-1
11.81,11.38,Normal-1
13.06,10.61,Normal-1
15.22,9.53,Normal-1
18.3,15.57,Normal-1
27.41,15.76,Normal-1
21.92,14.4,Normal-1
22.6,21.82,Normal-1
19.07,19.96,Normal-1
20.2,23.53,Normal-1
17.57,22.43,Normal-1
13.0,15.87,Normal-1
25.35,19.47,Normal-1
20.07,15.29,Normal-1
26.91,14.84,Normal-1
22.47,23.84,Normal-1
23.21,23.32,Normal-1
22.3,19.93,Normal-1
18.74,22.72,Normal-1
20.89,17.95,Normal-1
22.28,13.62,Normal-1
22.54,19.07,Normal-1
19.74,12.34,Normal-1
20.88,10.14,Normal-1
22.74,9.81,Normal-1
21.9,10.92,Normal-1
13.76,8.46,Normal-1
20.68,9.08,Normal-1
19.28,13.63,Normal-1
20.85,13.97,Normal-1
30.51,14.6,Normal-1
23.22,9.61,Normal-1
28.63,12.87,Normal-1
29.45,9.49,Normal-1
27.0,12.97,Normal-1
17.45,14.92,Normal-1
17.36,15.33,Normal-1
16.04,21.27,Normal-1
15.03,15.61,Normal-1
14.74,16.66,Normal-1
19.69,13.66,Normal-1
15.94,12.24,Normal-1
26.37,10.32,Normal-1
27.13,15.87,Normal-1
27.78,19.16,Normal-1
19.21,13.89,Normal-1
15.95,18.39,Normal-1
19.15,13.51,Normal-1
19.86,13.63,Normal-1
23.24,14.9,Normal-1
22.07,17.79,Normal-1
21.39,13.89,Normal-1
23.57,9.99,Normal-1
20.72,13.75,Normal-1
14.16,12.47,Normal-1
8.84,10.82,Normal-1
19.12,12.35,Normal-1
23.26,18.28,Normal-1
27.97,17.94,Normal-1
29.02,17.71,Normal-1
26.19,19.91,Normal-1
20.75,19.43,Normal-1
24.01,19.38,Normal-1
23.35,13.45,Normal-1
18.57,17.37,Normal-1
15.06,13.34,Normal-1
16.24,16.72,Normal-1
16.04,12.0,Normal-1
14.52,13.16,Normal-1
10.87,12.27,Normal-1
20.03,7.93,Normal-1
17.25,13.29,Normal-1
15.92,8.45,Normal-1
16.16,6.74,Normal-1
19.57,17.07,Normal-1
12.03,14.97,Normal-1
11.33,16.19,Normal-1
16.24,16.71,Normal-1
14.67,14.99,Normal-1
18.79,16.36,Normal-1
18.59,15.12,Normal-1
22.32,20.4,Normal-1
17.52,15.66,Normal-1
24.55,16.98,Normal-1
19.01,18.58,Normal-1
22.29,9.24,Normal-1
16.78,12.71,Normal-1
17.75,9.08,Normal-1
17.53,15.73,Normal-1
19.37,14.95,Normal-1
15.33,19.34,Normal-1
14.35,16.06,Normal-1
24.73,20.84,Normal-1
21.56,16.04,Normal-1
23.79,17.68,Normal-1
21.13,14.54,Normal-1
18.52,20.37,Normal-1
23.19,17.67,Normal-1
25.14,18.59,Normal-1
20.91,19.94,Normal-1
15.87,16.06,Normal-1
26.84,17.55,Normal-1
15.82,15.02,Normal-1
25.11,15.01,Normal-1
26.04,16.52,Normal-1
16.76,22.47,Normal-1
25.88,19.96,Normal-1
24.11,16.16,Normal-1
22.85,15.78,Normal-1
26.52,16.88,Normal-1
21.03,12.19,Normal-1
21.46,14.08,Normal-1
18.53,9.07,Normal-1
20.3,9.27,Normal-1
18.38,6.82,Normal-1
19.53,12.65,Normal-1
14.57,13.82,Normal-1
12.83,11.5,Normal-1
14.7,11.7,Normal-1
19.1,13.65,Normal-1
15.02,11.17,Normal-1
13.85,12.45,Normal-1
19.64,10.95,Normal-1
22.01,5.61,Normal-1
21.58,10.51,Normal-1
16.52,11.53,Normal-1
22.04,13.8,Normal-1
15.48,13.88,Normal-1
18.09,19.06,Normal-1
15.11,20.17,Normal-1
15.76,19.82,Normal-1
16.27,19.08,Normal-1
12.57,15.19,Normal-1
9.96,15.2,Normal-1
13.38,16.09,Normal-1
11.4,22.57,Normal-1
17.54,24.33,Normal-1
18.52,22.19,Normal-1
15.41,11.78,Normal-1
21.52,17.36,Normal-1
18.81,16.4,Normal-1
17.73,19.4,Normal-1
15.75,13.23,Normal-1
11.3,16.68,Normal-1
17.98,17.72,Normal-1
18.98,22.33,Normal-1
19.37,16.38,Normal-1
27.55,19.95,Normal-1
23.46,21.53,Normal-1
16.64,19.04,Normal-1
17.09,22.99,Normal-1
18.5,22.51,Normal-1
20.72,23.85,Normal-1
23.63,24.02,Normal-2
20.15,24.19,Normal-2
24.95,24.32,Normal-2
22.8,25.52,Normal-2
25.39,26.12,Normal-2
13.12,26.05,Normal-2
16.75,29.65,Normal-2
15.31,27.71,Normal-2
17.09,28.88,Normal-2
23.23,33.45,Normal-2
23.58,36.0,Normal-2
22.04,27.36,Normal-2
20.98,27.71,Normal-2
24.15,24.63,Normal-2
23.01,28.24,Normal-2
22.07,25.48,Normal-2
25.62,34.63,Normal-2
18.11,24.94,Normal-2
14.22,27.85,Normal-2
18.99,32.88,Normal-2
13.25,27.71,Normal-2
16.71,32.74,Normal-2
15.84,31.5,Normal-2
13.89,32.72,Normal-2
15.24,25.92,Normal-2
18.12,27.75,Normal-2
21.73,27.08,Normal-2
18.73,28.19,Normal-2
16.51,24.64,Normal-2
18.23,27.41,Normal-2
20.75,24.86,Normal-2
21.7,27.06,Normal-2
23.12,28.41,Normal-2
23.33,24.03,Normal-2
15.62,28.87,Normal-2
16.77,28.2,Normal-2
21.34,25.22,Normal-2
21.19,26.14,Normal-2
22.77,25.18,Normal-2
18.94,28.36,Normal-2
19.65,25.09,Normal-2
24.35,26.62,Normal-2
16.33,27.29,Normal-2
20.36,28.96,Normal-2
14.82,27.02,Normal-2
16.89,28.02,Normal-2
18.9,26.24,Normal-2
19.57,30.13,Normal-2
13.82,30.74,Normal-2
11.98,30.62,Normal-2
16.66,32.63,Normal-2
16.26,34.91,Normal-2
20.58,27.54,Normal-2
21.61,29.83,Normal-2
24.55,25.55,Normal-2
23.35,28.75,Normal-2
24.58,24.2,Normal-2
19.92,30.74,Normal-2
20.76,35.29,Normal-2
15.91,25.07,Normal-2
12.17,28.33,Normal-2
19.85,29.74,Normal-2
17.86,26.97,Normal-2
16.97,32.89,Normal-2
17.11,25.83,Normal-2
22.09,24.81,Normal-2
20.13,25.22,Normal-2
25.68,31.94,Normal-2
21.14,27.72,Normal-2
21.55,28.66,Normal-2
18.98,27.9,Normal-2
19.93,29.68,Normal-2
15.36,29.52,Normal-2
18.69,24.38,Normal-2
16.72,28.74,Normal-2
22.64,30.52,Normal-2
18.04,24.82,Normal-2
13.58,26.5,Normal-2
21.02,24.39,Normal-2
20.76,27.99,Normal-2
20.81,27.04,Normal-2
19.12,26.06,Normal-2
23.87,28.95,Normal-2
17.37,26.3,Normal-2
21.82,24.92,Normal-2
21.39,24.48,Normal-2
21.63,24.6,Normal-2
25.43,29.01,Normal-2
23.08,25.53,Normal-2
16.48,31.36,Normal-2
21.12,27.41,Normal-2
22.72,25.97,Normal-2
17.54,31.33,Normal-2
14.35,29.96,Normal-2
19.83,27.06,Normal-2
22.46,30.16,Normal-2
25.58,35.17,Normal-2
25.3,27.77,Normal-2
21.59,24.14,Normal-2
18.87,25.89,Normal-2
15.16,33.88,Normal-2
20.2,25.91,Normal-2
19.52,28.33,Normal-2
20.02,29.95,Normal-2
19.21,25.12,Normal-2
14.27,32.88,Normal-2
25.24,30.03,Normal-2
20.61,25.08,Normal-2
9.04,27.9,Normal-2
9.44,28.37,Normal-2
10.73,31.55,Normal-2
8.81,31.75,Normal-2
11.78,33.99,Normal-2
12.67,26.11,Normal-2
11.35,31.29,Normal-2
8.32,30.45,Normal-2
10.92,27.04,Normal-2
12.93,27.11,Normal-2
14.01,26.04,Normal-2
12.43,29.62,Normal-2
12.75,27.78,Normal-2
11.23,35.25,Normal-2
9.35,29.96,Normal-2
11.81,27.21,Normal-2
11.12,30.07,Normal-2
10.86,28.55,Normal-2
21.02,25.44,Normal-2
21.96,25.08,Normal-2
22.08,24.6,Normal-2
18.87,31.9,Normal-2
18.55,26.93,Normal-2
20.9,23.94,Normal-2
17.48,27.8,Normal-2
20.97,24.5,Normal-2
22.98,29.81,Normal-2
22.42,28.37,Normal-2
21.9,32.91,Normal-2
21.34,30.28,Normal-2
20.07,25.8,Normal-2
21.66,32.22,Normal-2
23.08,24.76,Normal-2
24.29,26.14,Normal-2
21.46,29.69,Normal-2
20.77,24.76,Normal-2
19.52,25.73,Normal-2
20.3,26.49,Normal-2
19.18,28.37,Normal-2
14.03,26.23,Normal-2
13.86,26.81,Normal-2
17.4,31.32,Normal-2
19.18,27.19,Normal-2
20.93,24.31,Normal-2
24.05,32.62,Normal-2
23.27,26.84,Normal-2
26.45,33.11,Normal-2
18.19,33.41,Normal-2
18.15,31.3,Normal-2
23.49,34.1,Normal-2
18.96,29.12,Normal-2
21.13,24.6,Normal-2
22.97,30.34,Normal-2
16.43,31.08,Normal-2
26.58,32.03,Normal-2
18.67,37.16,Normal-2
21.41,32.62,Normal-2
17.85,26.5,Normal-2
14.01,26.6,Normal-2
20.97,30.48,Normal-2
18.06,28.47,Normal-2
24.84,30.01,Normal-2
15.84,32.38,Normal-2
19.16,24.89,Normal-2
14.59,25.92,Normal-2
15.16,28.88,Normal-2
13.65,33.67,Normal-2
17.04,31.76,Normal-2
16.77,27.11,Normal-2
21.91,24.71,Normal-2
13.72,26.43,Normal-2
13.06,26.53,Normal-2
13.35,33.15,Normal-2
15.66,35.19,Normal-2
20.52,32.38,Normal-2
17.35,37.04,Normal-2
14.25,33.97,Normal-2
15.21,29.4,Normal-2
2.74,3.05,Single-Delete
2.97,1.95,Single-Delete
5.3,4.45,Single-Delete
5.36,4.87,Single-Delete
6.12,9.2,Single-Delete
7.81,8.1,Single-Delete
4.74,9.23,Single-Delete
2.83,4.2,Single-Delete
3.35,4.76,Single-Delete
4.53,3.23,Single-Delete
3.6,10.6,Single-Delete
6.12,9.24,Single-Delete
5.67,7.9,Single-Delete
6.02,6.07,Single-Delete
1.95,8.4,Single-Delete
4.28,4.38,Single-Delete
8.62,6.7,Single-Delete
8.09,7.93,Single-Delete
6.35,6.76,Single-Delete
8.62,7.78,Single-Delete
7.93,6.7,Single-Delete
6.69,8.34,Single-Delete
4.76,7.67,Single-Delete
5.22,8.29,Single-Delete
6.24,4.6,Single-Delete
7.78,6.79,Single-Delete
8.12,6.95,Single-Delete
6.82,6.82,Single-Delete
4.3,7.05,Single-Delete
10.45,5.57,Single-Delete
7.66,4.61,Single-Delete
8.63,5.45,Single-Delete
4.35,5.39,Single-Delete
5.41,6.54,Single-Delete
9.14,3.0,Single-Delete
3.79,4.71,Single-Delete
5.5,3.76,Single-Delete
8.18,5.62,Single-Delete
8.59,6.42,Single-Delete
8.6,6.37,Single-Delete
7.21,7.59,Single-Delete
9.71,5.96,Single-Delete
10.31,5.13,Single-Delete
9.1,6.4,Single-Delete
6.08,5.04,Single-Delete
10.02,4.65,Single-Delete
10.92,4.17,Single-Delete
10.31,5.27,Single-Delete
6.6,8.12,Single-Delete
6.57,4.33,Single-Delete
8.14,7.46,Single-Delete
6.48,8.8,Single-Delete
8.43,7.48,Single-Delete
4.81,5.94,Single-Delete
8.64,4.71,Single-Delete
8.35,4.28,Single-Delete
5.07,5.17,Single-Delete
6.52,7.55,Single-Delete
5.51,5.75,Single-Delete
3.08,8.94,Single-Delete
4.09,6.89,Single-Delete
7.56,4.53,Single-Delete
6.74,7.37,Single-Delete
8.7,7.15,Single-Delete
7.25,8.69,Single-Delete
6.74,5.59,Single-Delete
8.8,6.62,Single-Delete
6.46,7.7,Single-Delete
5.33,9.0,Single-Delete
6.05,7.06,Single-Delete
7.22,7.38,Single-Delete
6.59,6.58,Single-Delete
7.95,6.13,Single-Delete
6.54,5.4,Single-Delete
6.21,4.45,Single-Delete
7.91,6.39,Single-Delete
7.06,7.09,Single-Delete
7.95,6.22,Single-Delete
6.76,4.65,Single-Delete
7.54,8.78,Single-Delete
2.8,11.64,Single-Delete
3.23,11.63,Single-Delete
6.05,9.99,Single-Delete
8.26,7.13,Single-Delete
9.05,6.27,Single-Delete
9.22,6.34,Single-Delete
9.26,4.59,Single-Delete
8.35,6.28,Single-Delete
5.12,5.33,Single-Delete
1.08,2.39,Single-Delete
1.34,8.01,Single-Delete
5.26,9.22,Single-Delete
9.0,6.43,Single-Delete
8.72,6.04,Single-Delete
8.57,6.52,Single-Delete
4.84,1.98,Single-Delete
1.1,2.02,Single-Delete
6.89,6.09,Single-Delete
9.32,6.07,Single-Delete
3.39,1.33,Single-Delete
7.65,7.07,Single-Delete
10.2,4.48,Single-Delete
7.97,6.85,Single-Delete
8.04,7.12,Single-Delete
7.71,5.5,Single-Delete
6.39,2.88,Single-Delete
6.2,5.58,Single-Delete
6.26,9.76,Single-Delete
2.16,1.28,Single-Delete
5.53,5.74,Single-Delete
0.96,2.07,Single-Delete
3.21,5.26,Single-Delete
5.42,7.09,Single-Delete
5.34,3.67,Single-Delete
9.09,3.76,Single-Delete
9.67,3.88,Single-Delete
9.28,3.68,Single-Delete
4.49,8.96,Single-Delete
6.77,4.65,Single-Delete
7.55,5.58,Single-Delete
4.06,9.2,Single-Delete
10.74,4.68,Single-Delete
9.46,6.66,Single-Delete
7.9,5.29,Single-Delete
9.4,6.06,Single-Delete
7.97,5.9,Single-Delete
4.85,2.28,Single-Delete
2.69,1.34,Single-Delete
1.48,2.34,Single-Delete
6.87,4.68,Single-Delete
9.84,5.96,Single-Delete
10.65,5.26,Single-Delete
8.69,6.51,Single-Delete
10.03,5.44,Single-Delete
5.3,9.55,Single-Delete
5.74,3.83,Single-Delete
8.26,4.07,Single-Delete
9.46,4.89,Single-Delete
5.69,1.76,Single-Delete
2.2,2.42,Single-Delete
4.93,1.76,Single-Delete
3.78,3.87,Single-Delete
6.63,3.21,Single-Delete
6.72,4.66,Single-Delete
4.7,3.56,Single-Delete
2.89,0.87,Single-Delete
2.66,1.9,Single-Delete
1.52,1.13,Single-Delete
1.22,0.88,Single-Delete
2.77,1.76,Single-Delete
3.82,2.23,Single-Delete
3.43,4.6,Single-Delete
3.34,4.17,Single-Delete
6.16,3.62,Single-Delete
1.39,2.58,Single-Delete
2.54,1.58,Single-Delete
1.94,1.02,Single-Delete
0.78,3.04,Single-Delete
1.41,0.56,Single-Delete
0.6,0.72,Single-Delete
0.98,0.71,Single-Delete
0.72,0.26,Single-Delete
0.76,1.23,Single-Delete
0.0,2.22,Single-Delete
0.33,2.01,Single-Delete
0.59,0.67,Single-Delete
1.26,1.05,Single-Delete
1.67,0.4,Single-Delete
3.01,0.19,Single-Delete
2.4,0.81,Single-Delete
1.49,3.9,Single-Delete
4.01,3.41,Single-Delete
0.89,1.11,Single-Delete
1.32,5.65,Single-Delete
3.55,4.62,Single-Delete
0.52,0.78,Single-Delete
1.78,0.97,Single-Delete
0.71,1.47,Single-Delete
4.23,3.94,Single-Delete
3.2,3.04,Single-Delete
3.87,3.1,Single-Delete
2.95,2.52,Single-Delete
2.43,2.62,Single-Delete
1.03,0.09,Single-Delete
3.18,3.48,Single-Delete
0.08,1.72,Single-Delete
18.33,4.74,TUF
10.54,2.39,TUF
8.79,1.2,TUF
11.65,4.36,TUF
15.37,4.68,TUF
14.04,3.16,TUF
12.96,4.81,TUF
7.77,3.08,TUF
13.19,3.48,TUF
13.23,3.17,TUF
11.84,4.35,TUF
8.67,2.6,TUF
10.03,3.06,TUF
16.61,4.1,TUF
14.79,4.29,TUF
14.71,3.54,TUF
15.95,1.3,TUF
11.86,2.0,TUF
11.84,2.33,TUF
8.93,0.69,TUF
8.55,1.16,TUF
8.5,3.01,TUF
9.12,3.52,TUF
14.69,1.67,TUF
14.18,1.09,TUF
17.7,1.5,TUF
17.63,0.77,TUF
17.18,1.15,TUF
21.42,0.5,TUF
23.74,1.51,TUF
28.52,2.57,TUF
20.43,0.96,TUF
22.01,2.69,TUF
12.59,1.67,TUF
16.61,0.83,TUF
13.13,0.88,TUF
11.86,0.86,TUF
19.23,2.2,TUF
16.74,1.06,TUF
13.31,2.17,TUF
15.64,0.62,TUF
17.69,4.02,TUF
13.96,2.17,TUF
11.2,1.34,TUF
12.38,4.02,TUF
17.09,1.12,TUF
11.97,1.81,TUF
17.81,1.8,TUF
19.44,0.4,TUF
14.92,2.6,TUF
15.47,0.78,TUF
13.11,0.12,TUF
8.06,1.29,TUF
7.61,1.25,TUF
13.73,0.0,TUF
12.25,0.17,TUF
10.45,0.61,TUF
13.56,0.47,TUF
14.25,0.74,TUF
16.56,1.67,TUF
12.0,2.07,TUF
14.48,2.26,TUF
20.57,1.37,TUF
15.95,1.27,TUF
14.41,1.1,TUF
7.26,0.0,TUF
7.8,0.13,TUF
10.78,1.21,TUF
10.16,1.89,TUF
11.69,1.39,TUF
11.09,0.85,TUF
13.46,1.11,TUF
7.25,0.24,TUF
2.43,0.7,TUF
1.4,0.0,TUF
1.2,0.0,TUF
2.06,0.0,TUF
7.03,0.0,TUF
11.15,0.0,TUF
15.48,0.0,TUF
17.19,0.0,TUF
18.33,0.0,TUF
16.92,0.0,TUF
10.65,0.0,TUF
19.08,1.94,TUF
16.23,0.37,TUF
14.96,1.74,TUF
16.18,0.77,TUF
16.07,1.18,TUF
17.15,0.13,TUF
11.97,0.95,TUF
14.04,0.0,TUF
17.51,0.82,TUF
12.54,0.13,TUF
15.74,0.0,TUF
13.24,0.0,TUF
15.32,0.0,TUF
13.33,0.0,TUF
14.48,0.0,TUF
15.55,0.0,TUF
12.81,0.0,TUF
11.05,0.25,TUF
13.94,1.39,TUF
10.05,1.09,TUF
13.18,0.94,TUF
13.21,0.93,TUF
13.8,0.77,TUF
15.17,0.94,TUF
12.24,0.48,TUF
12.64,0.91,TUF
16.75,0.15,TUF
15.24,0.79,TUF
14.84,0.91,TUF
16.14,0.14,TUF
22.18,1.85,TUF
18.71,1.3,TUF
17.46,1.42,TUF
15.48,1.74,TUF
17.48,1.9,TUF
14.53,1.61,TUF
14.63,2.9,TUF
20.23,2.0,TUF
12.22,0.06,TUF
17.84,1.62,TUF
16.07,0.27,TUF
17.85,0.0,TUF
16.41,1.18,TUF
16.37,1.81,TUF
15.37,4.08,TUF
15.43,1.85,TUF
19.67,3.34,TUF
14.52,3.11,TUF
11.89,1.48,TUF
13.05,1.21,TUF
13.34,1.15,TUF
16.84,2.32,TUF
17.75,3.52,TUF
14.3,3.27,TUF
16.98,5.23,TUF
11.76,3.8,TUF
16.08,3.21,TUF
15.75,2.58,TUF
12.58,1.12,TUF
17.99,1.63,TUF
16.82,1.99,TUF
16.58,2.86,TUF
14.22,3.92,TUF
18.37,1.81,TUF
11.5,1.39,TUF
11.27,2.28,TUF
10.31,3.55,TUF
12.51,1.26,TUF
8.11,2.54,TUF
6.92,1.14,TUF
10.08,2.01,TUF
13.33,1.66,TUF
12.3,2.73,TUF
14.1,1.87,TUF
16.68,0.0,TUF
9.41,0.0,TUF
13.66,0.09,TUF
19.86,1.55,TUF
15.67,1.97,TUF
14.25,2.6,TUF
9.88,2.6,TUF
18.16,5.02,TUF
12.27,4.18,TUF
16.63,1.45,TUF
17.51,2.51,TUF
11.59,2.83,TUF
14.05,3.29,TUF
8.84,2.01,TUF
13.08,1.8,TUF
17.75,3.03,TUF
11.95,4.4,TUF
15.61,3.03,TUF
19.21,3.89,TUF
18.93,4.09,TUF
14.07,3.14,TUF
16.26,4.12,TUF
14.17,4.36,TUF
18.02,4.1,TUF
13.41,3.95,TUF
13.65,3.33,TUF
14.63,4.97,TUF
